,XLV,XLI,XLU,XLK,AFTY,FAUS
1/4/16,66.68895,48.482872,38.176575,39.895168,11.952036,23.504566
1/5/16,67.009537,48.612659,38.450592,39.791348,12.234222,22.585115
1/6/16,66.462677,47.861771,38.379875,39.30056,12.143196,21.531923
1/7/16,65.114372,46.563957,38.123528,38.13966,11.48779,20.963535
1/8/16,64.133774,46.091183,38.105862,37.837654,11.606127,20.963535
1/11/16,63.370064,46.118988,38.309158,38.083035,11.442275,20.963535
1/12/16,64.180939,46.489803,38.158894,38.536072,11.524202,20.838156
1/13/16,62.276352,45.368111,38.14122,37.497875,11.205603,20.838156
1/14/16,63.945206,45.905777,38.715763,38.20573,11.587921,20.579039
1/15/16,63.049503,45.099277,38.371044,37.129784,11.096368,20.579039
1/19/16,63.04007,45.09,38.945587,37.167538,11.442275,20.579039
1/20/16,63.162647,44.505974,38.070499,36.874954,11.278425,20.319916
1/21/16,62.974075,44.700653,38.035149,37.082596,11.123676,20.319916
1/22/16,63.973503,45.09,38.715763,38.111351,11.169191,20.612471
1/25/16,63.379513,44.533794,38.388718,37.667763,10.923413,20.428583
1/26/16,63.860359,45.377377,38.653885,38.035851,10.668535,20.428583
1/27/16,63.134365,44.867516,38.742283,37.252487,10.450066,22.008371
1/28/16,61.66349,45.127083,39.361031,37.733826,10.384525,22.008371
1/29/16,62.672359,46.341473,40.14772,38.923038,10.732254,22.44302
2/1/16,62.76664,46.230232,40.527805,39.064617,10.313524,22.44302
2/2/16,61.861496,45.303215,40.704594,38.366184,10.426399,22.44302
2/3/16,62.266914,46.035557,41.208427,38.318993,10.613917,21.908066
2/4/16,61.927483,46.832794,41.031635,38.356739,10.741358,20.227974
2/5/16,60.720615,46.387829,41.16423,37.2808,10.650328,20.227974
2/8/16,59.890896,45.998482,41.022797,36.742817,10.340832,20.988615
2/9/16,60.334042,46.276585,41.16423,36.572933,10.308972,20.988615
2/10/16,60.871479,46.035557,41.120029,36.629562,10.470093,20.988615
2/11/16,59.890896,45.136353,40.395218,36.55405,10.149673,20.988615
2/12/16,60.692329,46.044827,40.271469,37.063713,10.149673,20.988615
2/16/16,61.833199,46.97184,40.527805,37.724392,10.897926,20.512165
2/17/16,62.61578,47.69492,40.448246,38.498318,11.105471,20.512165
2/18/16,62.229202,47.667103,41.111198,38.347309,10.918862,20.512165
2/19/16,62.1632,47.574398,40.837173,38.375629,10.91431,20.512165
2/22/16,63.049503,48.380905,41.314499,38.885284,11.258398,20.512165
2/23/16,62.578072,47.898853,41.349854,38.271801,10.887002,20.512165
2/24/16,62.785488,47.926674,41.544319,38.564388,11.087265,21.348032
2/25/16,63.568073,48.55703,41.968594,39.045731,10.568402,21.348032
2/26/16,63.454941,48.621929,40.810654,38.94191,10.704946,21.348032
2/29/16,62.446056,48.316025,40.925564,38.668209,10.650328,21.314598
3/1/16,63.784924,49.261566,40.722267,39.819656,10.759562,21.314598
3/2/16,63.888649,49.298649,40.934414,39.932926,11.00534,22.961256
3/3/16,63.709507,49.650909,41.181908,39.932926,11.069059,22.961256
3/4/16,63.558643,49.854858,41.641541,40.036732,11.524202,22.568403
3/7/16,64.067787,50.003178,41.871357,39.791348,11.396762,23.145149
3/8/16,63.28521,49.298649,42.286816,39.545959,11.214705,23.145149
3/9/16,63.398361,49.456234,42.481274,39.885727,11.29663,23.145149
3/10/16,63.436069,49.38208,42.516636,39.847977,11.069059,23.195299
3/11/16,64.671227,50.095882,42.560822,40.461456,11.29663,23.880711
3/14/16,64.397797,50.142239,42.613861,40.508648,11.242014,23.880711
3/15/16,63.398361,50.114426,42.693417,40.659657,11.29663,23.086643
3/16/16,63.247494,50.290562,43.347511,41.131577,11.633435,23.312317
3/17/16,62.512058,51.3937,43.586185,41.282578,11.697156,23.312317
3/18/16,63.247295,51.834431,43.308311,41.34898,11.769979,23.312317
3/21/16,63.616341,52.141914,43.26379,41.491272,12.013024,23.312317
3/22/16,64.25032,51.843758,43.121292,41.500755,11.769979,23.312317
3/23/16,63.796116,51.508305,43.441895,41.263607,11.683502,23.395391
3/24/16,63.767727,51.359222,43.557678,41.377438,11.501445,23.412348
3/28/16,63.587952,51.377865,43.397377,41.27309,11.524202,23.573399
3/29/16,64.326019,51.713299,44.038586,41.918129,11.565165,23.573399
3/30/16,64.33548,51.806477,43.931717,42.164768,11.879213,23.573399
3/31/16,64.136772,51.685349,44.18998,42.079391,11.824595,24.548206
4/1/16,64.865387,51.927601,44.359192,42.40192,11.815492,24.200666
4/4/16,65.641312,51.340595,44.172165,42.240654,11.851905,22.768126
4/5/16,64.789673,51.023788,43.343941,41.83276,11.697156,23.141092
4/6/16,66.530777,51.275372,43.290504,42.240654,11.815492,23.141092
4/7/16,65.802162,50.781521,43.272697,41.633556,11.474135,23.141092
4/8/16,65.622391,50.977196,43.504242,41.633556,11.587921,23.429295
4/11/16,65.12088,50.995838,43.317219,41.519726,11.715362,23.429295
4/12/16,65.650764,51.294006,43.620014,41.804306,11.779081,22.547731
4/13/16,66.265839,52.05806,43.352844,42.231167,11.897418,23.980276
4/14/16,66.303673,52.151234,43.299412,42.22168,11.824595,23.980276
4/15/16,66.256393,52.225777,43.539864,42.060421,11.751773,23.980276
4/18/16,66.871445,52.272366,43.709068,42.240654,11.797287,24.217621
4/19/16,67.107986,52.645073,43.780312,42.003506,11.815492,24.921179
4/20/16,67.467575,52.561211,42.68491,42.088882,11.642538,25.302624
4/21/16,67.86499,52.430763,41.794353,41.937107,11.633435,24.353247
4/22/16,68.006935,52.561211,42.168388,41.206692,11.660745,24.353247
4/25/16,67.741982,52.309631,42.248535,41.216183,11.578818,24.353247
4/26/16,67.486496,52.775528,42.310875,41.016979,11.688053,25.573874
4/27/16,67.410789,53.148228,42.925369,40.827263,11.651642,24.200666
4/28/16,67.089066,52.635754,42.863037,40.315018,11.633435,24.200666
4/29/16,66.038734,52.328266,43.121292,39.964046,11.615231,24.200666
5/2/16,66.417244,52.598492,43.468616,40.25811,11.615231,24.200666
5/3/16,66.209068,52.169872,43.432999,39.888161,11.651642,24.005703
5/4/16,65.575066,51.526939,43.94062,39.764835,11.597025,24.005703
5/5/16,65.84948,51.498993,43.771412,39.783813,11.578818,24.005703
5/6/16,65.461525,51.843758,43.486435,40.077881,11.35944,24.005703
5/9/16,66.209068,51.610802,43.73579,40.077881,11.069059,24.005703
5/10/16,66.767334,52.495991,43.780312,40.59959,11.242014,24.005703
5/11/16,65.963051,52.05806,43.94062,40.305531,11.196499,23.997229
5/12/16,65.575066,51.946251,44.198879,40.191704,11.242014,23.649687
5/13/16,65.423683,51.294006,43.985146,40.039928,11.242014,23.649687
5/16/16,66.313148,51.927601,44.038586,40.59959,11.232911,23.649687
5/17/16,65.622391,51.676029,43.290504,40.191704,11.132779,23.776836
5/18/16,65.896805,51.498993,42.480087,40.267593,11.050854,23.69207
5/19/16,65.338516,51.014477,42.907558,40.049412,11.114573,23.081757
5/20/16,65.944115,51.275372,43.005527,40.533192,11.214705,23.081757
5/23/16,65.679153,51.182186,42.622585,40.45731,11.187396,23.090229
5/24/16,66.62542,51.713299,43.050056,41.216183,11.150984,23.480156
5/25/16,67.041771,52.067375,42.925369,41.500755,11.032648,23.895512
5/26/16,67.051231,51.918293,43.41518,41.633556,11.105471,23.980276
5/27/16,67.353996,52.11396,43.486435,41.83276,11.096368,23.980276
5/31/16,67.514885,52.104649,43.771412,41.918129,11.587921,23.878553
6/1/16,67.760902,52.151234,43.88718,41.813797,11.587921,23.929417
6/2/16,68.631439,52.216461,43.904995,41.775841,11.460482,23.929417
6/3/16,68.40435,52.169872,44.59964,41.680988,11.460482,24.268476
6/6/16,68.773392,52.663708,44.537304,41.756882,11.524202,24.607544
6/7/16,68.34758,52.915291,44.501678,41.927616,11.496894,25.268719
6/8/16,68.584145,53.250725,44.768845,42.012993,11.442275,25.022896
6/9/16,68.470596,53.241405,45.151791,42.022476,11.379467,25.048323
6/10/16,67.921768,52.617119,45.036018,41.699951,11.160089,25.048323
6/13/16,67.382401,52.048744,44.982574,41.235157,11.059957,25.048323
6/14/16,67.486496,52.05806,45.223034,41.330009,11.140972,25.048323
6/15/16,67.022842,52.076691,44.938053,41.225662,11.205603,25.048323
6/16/16,67.259392,52.169872,45.223034,41.311047,11.271142,24.115902
6/17/16,66.561096,52.213898,45.386452,41.035557,11.241103,24.115902
6/20/16,66.979111,52.69173,45.215855,41.207134,11.269321,24.115902
6/21/16,66.751106,52.654243,45.278706,41.493095,11.269321,24.115902
6/22/16,66.941132,52.504349,45.063217,41.350117,11.351248,25.040499
6/23/16,67.815178,53.113342,45.188919,41.91251,11.319387,25.040499
6/24/16,65.848557,50.949085,45.260742,40.30159,11.133689,24.921743
6/27/16,64.965004,49.74984,45.81741,39.491371,11.032648,24.200726
6/28/16,66.2286,50.593056,45.98801,40.273003,11.114573,24.200726
6/29/16,67.492165,51.492489,46.113708,40.89259,11.304822,25.006569
6/30/16,68.1287,52.476242,47.110325,41.340588,11.251116,25.006569
7/1/16,68.556221,52.644882,47.119305,41.435913,11.269321,25.006569
7/5/16,68.489708,52.167057,47.469456,41.130882,11.369452,25.023533
7/6/16,69.259262,52.429398,47.568233,41.416851,11.651642,25.557934
7/7/16,69.154755,52.569927,46.688339,41.416851,11.630705,25.557934
7/8/16,70.009819,53.619267,47.173172,42.065025,11.67349,25.86331
7/11/16,69.819786,53.956562,47.13726,42.312859,11.67804,25.86331
7/12/16,70.161827,54.453114,46.490807,42.656013,11.99755,26.804871
7/13/16,70.133331,54.584274,46.858925,42.665543,11.952036,26.372257
7/14/16,70.437332,54.996529,46.553654,42.941971,11.907432,26.372257
7/15/16,70.380348,54.987144,46.688339,42.903851,11.906521,26.45709
7/18/16,70.408844,54.940304,46.823017,43.189808,11.915625,26.45709
7/19/16,70.256821,54.968414,46.742207,43.094482,11.842801,26.100821
7/20/16,70.893364,55.071472,46.472851,43.656883,11.924727,26.100821
7/21/16,71.102371,54.509335,46.751175,43.428112,11.933828,26.100821
7/22/16,71.244881,54.612396,47.370701,43.685478,11.888315,26.100821
7/25/16,71.1689,54.321953,47.28989,43.628288,11.833698,26.228058
7/26/16,71.04538,54.77166,46.876877,43.723606,11.961138,26.228058
7/27/16,71.368408,54.556175,46.338173,44.085827,11.933828,26.228058
7/28/16,71.301888,54.537434,46.517746,44.114418,11.924727,27.059347
7/29/16,71.444405,54.378166,46.79607,44.27647,11.942933,27.059347
8/1/16,71.900436,54.31258,46.823017,44.362255,11.824595,27.059347
8/2/16,71.624908,53.806641,46.517746,44.028633,11.897418,27.059347
8/3/16,71.425392,54.068989,46.23941,44.181137,11.897418,27.059347
8/4/16,71.320908,54.087719,46.212475,44.419453,11.906521,27.059347
8/5/16,71.49189,54.631119,45.548058,44.848389,11.897418,27.059347
8/8/16,70.883865,54.706081,45.530098,44.838856,11.952036,27.059347
8/9/16,71.054878,54.687344,45.521126,44.934174,12.036691,27.059347
8/10/16,70.817368,54.659233,45.530098,44.791199,12.052166,27.059347
8/11/16,71.225883,55.015263,45.637852,44.953255,12.134091,27.059347
8/12/16,71.04538,54.86536,45.700695,44.905586,12.28884,27.059347
8/15/16,71.1689,55.230751,45.00037,45.124821,12.716674,27.059347
8/16/16,70.532333,54.987144,44.470631,44.791199,12.525514,27.059347
8/17/16,70.674858,55.146435,45.135048,44.772133,12.450871,27.059347
8/18/16,70.703354,55.315063,45.691708,44.791199,12.388971,27.339273
8/19/16,70.646355,55.296333,45.135048,44.819798,12.434486,27.364717
8/22/16,70.788872,55.249493,45.25177,44.819798,12.397165,27.364717
8/23/16,70.85537,55.296333,45.054245,44.981842,12.425383,27.364717
8/24/16,69.743797,55.127686,45.036282,44.734001,12.34983,27.364717
8/25/16,69.154755,55.118328,45.063217,44.82933,12.34983,27.576782
8/26/16,69.420769,54.959038,44.129452,44.848389,12.3207,27.678576
8/29/16,69.572777,55.352551,44.488594,45.019978,12.28884,26.906664
8/30/16,69.335289,55.202637,44.021709,44.867455,12.28884,26.906664
8/31/16,69.126266,54.893463,44.201279,44.791199,12.28884,26.830318
9/1/16,68.94574,54.940304,43.976818,44.934174,12.307047,26.830318
9/2/16,69.021744,55.212013,44.560425,45.134346,12.4445,26.830318
9/6/16,69.268761,55.052734,45.045258,45.363121,12.480911,26.830318
9/7/16,69.268761,55.118328,45.054245,45.477509,12.48,26.915142
9/8/16,69.325768,55.071472,45.206871,45.10577,12.507309,26.491016
9/9/16,67.938683,53.516212,43.509933,44.000034,12.343458,26.491016
9/12/16,68.94574,54.200153,44.282089,44.734001,12.28884,26.491016
9/13/16,68.024185,53.403774,43.671543,44.409912,12.195081,26.491016
9/14/16,68.024185,53.356934,43.842144,44.619621,12.152298,25.515518
9/15/16,68.727219,53.778542,44.174347,45.353592,12.246967,25.668211
9/16/16,68.773964,53.328251,44.60537,45.187038,12.35256,25.905722
9/19/16,68.525993,53.563763,45.049065,45.100906,12.243326,25.905722
9/20/16,68.735817,53.610859,44.967575,45.072189,12.234222,25.905722
9/21/16,69.422501,54.307968,45.882137,45.579475,12.234222,25.599834
9/22/16,69.94706,54.694199,46.162838,45.857052,12.316149,26.358089
9/23/16,69.727699,54.373901,46.126617,45.455051,12.277917,26.358089
9/26/16,68.917038,54.138401,46.008907,45.187038,12.106784,26.358089
9/27/16,69.403427,54.515205,45.41127,45.684765,12.197811,26.358089
9/28/16,69.298515,54.939121,45.347885,45.770908,12.206915,26.358089
9/29/16,68.077744,54.505791,44.668751,45.49334,12.229672,26.719986
9/30/16,68.773964,54.995651,44.360882,45.73262,12.307047,26.719986
10/3/16,68.716743,55.042747,43.73608,45.598625,12.279737,26.719986
10/4/16,68.583221,54.581154,42.821518,45.435909,12.216019,26.719986
10/5/16,68.850266,54.929691,42.730961,45.598625,12.234222,26.71137
10/6/16,68.592758,54.929691,42.721916,45.703911,12.279737,26.513189
10/7/16,68.545067,54.223183,42.66758,45.579475,12.279737,26.513189
10/10/16,68.859802,54.279701,43.020729,45.895348,12.297943,26.513189
10/11/16,67.13353,53.714478,42.53175,45.378475,12.261533,25.85833
10/12/16,66.818802,53.818111,42.948292,45.455051,12.252429,25.85833
10/13/16,66.84742,53.799267,43.48254,45.167904,12.197811,25.85833
10/14/16,66.399178,53.912308,43.238052,45.340191,12.28884,25.85833
10/17/16,66.179794,53.771008,43.473476,45.244476,12.132271,25.85833
10/18/16,66.971405,53.884045,43.844738,45.49334,12.343458,25.85833
10/19/16,66.723427,54.053612,43.745136,45.579475,12.322521,25.85833
10/20/16,67.038162,53.761585,43.717968,45.368908,12.302496,25.85833
10/21/16,66.485001,53.686222,43.464424,45.49334,12.28884,25.85833
10/24/16,66.361015,53.789841,43.627419,45.933624,12.361663,25.85833
10/25/16,66.170258,53.64854,43.899067,45.770908,12.416281,25.85833
10/26/16,65.769684,53.836948,44.007732,45.512474,12.370767,25.754929
10/27/16,66.074875,53.469551,43.745136,45.455051,12.329803,25.54813
10/28/16,64.644287,53.789841,43.880962,45.407192,12.301584,25.54813
10/31/16,64.243721,53.893475,44.759308,45.388035,12.307047,25.54813
11/1/16,63.900364,53.431881,43.944344,44.995613,12.343458,25.54813
11/2/16,63.56657,53.234047,43.391983,44.708469,12.307047,25.54813
11/3/16,62.965706,53.149265,43.554981,44.277752,12.307047,25.505051
11/4/16,63.404434,53.196365,43.419147,44.201187,12.379869,25.505051
11/7/16,65.025772,54.505791,44.179775,45.158337,12.443589,25.505051
11/8/16,65.206993,54.835495,44.523872,45.378475,12.443589,26.427025
11/9/16,67.505486,56.210857,42.884907,45.321049,12.405357,26.237459
11/10/16,68.249397,57.407238,41.852619,44.593609,12.28884,25.5826
11/11/16,67.228912,57.510857,41.680565,44.727612,12.388971,25.5826
11/14/16,67.019081,57.755787,41.653404,44.048035,12.388971,25.5826
11/15/16,67.209831,57.972454,42.323486,44.670185,12.297943,25.57398
11/16/16,66.923714,57.642742,42.033718,45.081757,12.28884,25.09145
11/17/16,67.190758,57.765209,42.042778,45.368908,12.28884,24.608923
11/18/16,66.475464,57.746361,41.916008,45.33062,12.197811,24.807106
11/21/16,66.71389,58.057236,42.359703,45.790047,12.370767,24.807106
11/22/16,65.750626,58.320999,42.522697,45.933624,12.489103,24.910505
11/23/16,66.008125,58.754341,42.097111,45.75177,12.48,24.910505
11/25/16,66.26564,59.074631,42.703796,45.943203,12.698468,24.910505
11/28/16,65.769684,58.669559,43.527813,45.981483,12.776753,24.910505
11/29/16,66.198883,58.71666,43.70892,46.010201,12.998862,24.910505
11/30/16,65.569412,58.792015,42.332542,45.464622,12.816805,25.108685
12/1/16,65.092529,59.178246,41.997509,44.526615,12.908744,25.108685
12/2/16,65.24514,59.168835,42.377823,44.689327,12.857768,25.151773
12/5/16,65.130707,59.121727,42.432144,45.120045,12.680264,25.151773
12/6/16,65.311913,59.234776,42.350655,45.254047,12.655684,25.151773
12/7/16,64.749191,60.336945,42.903008,46.115486,12.643851,25.815245
12/8/16,64.873169,59.997822,42.975456,46.230343,12.633838,25.591215
12/9/16,65.664787,60.271008,43.428204,46.56535,12.797689,25.591215
12/12/16,65.979523,60.054333,43.880962,46.421772,12.616543,26.047894
12/13/16,66.513611,59.969563,44.333717,47.00563,12.57103,26.047894
12/14/16,66.170258,59.366653,43.419147,46.842918,12.716674,26.047894
12/15/16,66.599442,59.432594,43.727024,47.053497,12.250608,26.047894
12/16/16,66.652138,59.313175,44.260052,46.713161,12.081178,26.047894
12/19/16,66.374336,59.644901,44.424625,47.049648,12.025928,26.047894
12/20/16,66.326431,59.986115,44.479473,47.222687,12.001987,24.807106
12/21/16,65.95285,59.75864,44.296616,47.126553,12.090386,25.822424
12/22/16,66.03907,59.644901,44.452045,47.030415,12.01672,25.822424
12/23/16,66.537178,59.701778,44.442898,47.078487,11.933846,25.822424
12/27/16,66.671288,59.824982,44.479473,47.270756,12.01672,25.822424
12/28/16,66.163589,59.199436,44.058903,46.847755,11.887805,25.822424
12/29/16,66.278542,59.180485,44.653187,46.857368,11.897013,25.822424
12/30/16,66.03907,58.97197,44.406326,46.492046,11.924638,25.257362
1/3/17,66.901192,59.322655,44.296616,46.905441,12.074732,25.257362
1/4/17,67.428047,59.67334,44.461185,47.068871,12.385049,25.257362
1/5/17,67.772911,59.502739,44.506905,47.145779,12.477131,25.921085
1/6/17,67.964478,59.843945,44.644047,47.491875,12.320591,25.921085
1/9/17,68.251862,59.37952,44.058903,47.482262,12.265342,25.921085
1/10/17,68.491356,59.625946,43.921764,47.491875,12.246925,25.921085
1/11/17,67.801628,59.938725,44.378902,47.712994,12.182467,25.921085
1/12/17,67.86869,59.692291,44.41547,47.597622,12.279154,25.921085
1/13/17,67.935745,59.919769,44.351467,47.741837,12.375839,25.921085
1/17/17,67.590897,59.455345,44.836037,47.559174,12.53238,25.921085
1/18/17,67.504684,59.682812,44.781181,47.684151,12.578422,26.414392
1/19/17,67.073616,60.118801,44.38805,47.616852,12.513964,26.414392
1/20/17,66.901192,60.128284,44.470322,47.876423,12.633671,26.270885
1/23/17,66.62339,59.796558,44.24176,47.962952,12.633671,26.270885
1/24/17,66.163589,60.393665,44.23262,48.260979,12.642879,26.270885
1/25/17,66.786247,61.028683,44.23262,48.722439,12.642879,26.270885
1/26/17,66.268967,61.170853,44.250904,48.587845,12.688919,27.149872
1/27/17,66.814987,61.123466,44.24176,48.780121,12.725752,27.087088
1/30/17,66.489288,60.60218,44.278336,48.385956,12.760744,26.791101
1/31/17,67.552567,60.071415,44.964035,48.145615,12.788368,26.791101
2/1/17,68.136917,59.967152,44.186905,48.510929,12.808626,26.791101
2/2/17,68.11776,59.853424,44.653187,48.414791,12.808626,26.791101
2/3/17,68.414711,60.298878,44.708042,48.732052,12.716545,26.791101
2/6/17,68.491356,60.384186,44.616615,48.760891,12.709178,26.791101
2/7/17,68.55838,60.488449,44.72633,48.953156,12.652087,26.791101
2/8/17,68.453018,60.403145,45.16518,49.039692,12.670504,26.791101
2/9/17,68.702095,60.867561,44.781181,49.193508,12.688919,26.791101
2/10/17,68.836197,61.350945,45.06461,49.337711,12.808626,26.791101
2/13/17,69.257675,61.967007,45.284027,49.55883,12.808626,26.791101
2/14/17,69.803688,61.995449,44.954895,49.722267,12.863876,26.791101
2/15/17,70.560448,62.327179,44.845184,49.885704,12.845459,26.791101
2/16/17,70.464653,62.346123,45.293179,50.001064,12.886896,26.791101
2/17/17,70.560448,62.450382,45.32061,50.174107,12.789289,26.791101
2/21/17,70.876556,62.763157,45.796028,50.433681,12.983583,26.791101
2/22/17,70.771187,62.592556,45.988022,50.491364,13.057249,26.791101
2/23/17,71.288467,62.184998,46.463448,50.481747,12.974374,26.791101
2/24/17,71.633324,62.450382,47.167439,50.597118,12.949512,27.804626
2/27/17,71.978172,62.677856,46.902302,50.568268,12.817835,27.436888
2/28/17,71.83448,62.421951,47.332008,50.327934,13.001999,27.616272
3/1/17,72.552917,63.473995,46.911438,51.039349,12.900708,27.616272
3/2/17,72.323029,62.791603,47.249722,50.702869,12.734961,27.616272
3/3/17,72.610405,62.857941,47.103443,50.81823,12.719307,27.616272
3/6/17,72.332596,62.706295,47.012012,50.741322,12.698128,27.616272
3/7/17,71.824905,62.526215,46.984581,50.741322,12.698128,27.741838
3/8/17,72.112274,62.308224,46.308022,50.799007,12.744169,27.759779
3/9/17,72.505028,62.023888,46.207455,50.789394,12.650245,27.607304
3/10/17,72.782829,62.402992,46.59145,51.058575,12.650245,27.607304
3/13/17,72.725342,62.365086,46.728596,51.106647,12.827044,27.62524
3/14/17,72.457138,61.777451,46.682873,50.991272,12.771793,27.087088
3/15/17,73.367149,62.478817,47.432579,51.337372,12.919125,27.652149
3/16/17,72.658295,62.194485,46.911438,51.366222,12.854668,27.652149
3/17/17,72.258369,62.534378,47.194256,51.477196,12.633671,27.652149
3/20/17,72.152611,62.420124,46.881039,51.525455,12.688919,27.652149
3/21/17,71.585388,61.468025,47.544323,50.772697,12.722991,28.253086
3/22/17,71.604607,61.687008,47.774632,51.091164,12.679712,28.253086
3/23/17,71.383492,61.601318,47.627232,50.956055,12.670504,27.891382
3/24/17,71.421951,61.439453,47.802254,50.994659,12.670504,27.891382
3/27/17,71.614227,61.220482,47.618015,50.994659,12.799417,28.145847
3/28/17,71.6623,61.867912,47.581165,51.361393,12.716545,28.309433
3/29/17,71.681519,61.858395,47.452202,51.44825,12.716545,28.309433
3/30/17,71.691132,62.201157,47.083714,51.544746,12.716545,28.309433
3/31/17,71.48925,61.944069,47.267952,51.44825,12.748774,28.309433
4/3/17,71.546928,61.81078,47.258743,51.399998,12.744169,28.309433
4/4/17,71.508469,61.972637,47.406136,51.438599,12.744169,28.345789
4/5/17,71.287346,61.77269,47.673294,51.22628,12.781002,28.345789
4/6/17,71.412331,61.944069,47.553532,51.235931,12.781002,28.345789
4/7/17,71.537315,62.010719,47.350857,51.206982,12.799417,28.345789
4/10/17,71.402718,62.163055,47.433777,51.110466,12.679712,28.563902
4/11/17,71.306564,62.248749,47.415348,50.917454,12.702732,28.563902
4/12/17,71.306564,61.391857,47.765415,50.743748,12.725752,28.227638
4/13/17,71.123924,60.953884,47.608807,50.541073,12.725752,28.227638
4/17/17,71.383492,61.620354,47.82069,51.004311,12.596838,28.227638
4/18/17,70.604752,61.420425,47.931236,50.994659,12.53238,27.591471
4/19/17,70.816261,61.477551,47.599598,50.956055,12.458714,27.691439
4/20/17,71.258522,62.220184,47.415348,51.419292,12.578422,27.691439
4/21/17,70.835503,62.277313,47.654865,51.313129,12.587629,27.755062
4/24/17,71.537315,63.162769,47.903606,51.921131,12.541588,27.809587
4/25/17,71.844963,63.467453,47.839115,52.19136,12.606046,28.245813
4/26/17,72.239136,63.476967,47.691715,52.13345,12.569212,28.245813
4/27/17,72.392944,63.457928,47.857536,52.345764,12.615253,28.245813
4/28/17,72.585243,63.162769,47.627232,52.480881,12.596838,28.245813
5/1/17,72.748657,62.972343,47.341652,52.87656,12.587629,28.245813
5/2/17,72.950546,63.277023,47.396927,52.992371,12.587629,28.136759
5/3/17,72.594841,63.324638,47.231102,52.895863,12.523172,28.136759
5/4/17,73.075546,63.391277,47.396927,52.857258,12.462399,28.136759
5/5/17,73.037086,63.714989,47.654865,53.050274,12.449506,28.136759
5/8/17,72.585243,63.54361,47.63644,53.281898,12.385049,28.136759
5/9/17,72.671753,63.629314,47.286381,53.349445,12.43109,28.136759
5/10/17,72.460258,63.49601,47.360073,53.552116,12.523172,28.118582
5/11/17,72.498703,63.476967,47.424564,53.484562,12.578422,27.664177
5/12/17,72.373718,63.124687,47.654865,53.619671,12.854668,27.664177
5/15/17,72.84481,63.41983,47.857536,53.918839,12.8915,27.664177
5/16/17,72.566002,63.353195,47.507473,54.169762,12.854668,27.664177
5/17/17,71.614227,62.086887,47.627232,52.693195,12.734961,27.218859
5/18/17,71.931488,62.172585,47.793053,53.002014,12.730356,27.164331
5/19/17,72.133369,62.99139,47.977299,53.310844,12.781002,27.809587
5/22/17,72.325653,63.476967,48.391846,53.735481,12.854668,28.145847
5/23/17,72.566002,63.610264,48.520813,53.831985,13.020415,28.145847
5/24/17,72.748657,63.68644,48.797184,54.053944,13.057249,28.145847
5/25/17,73.094757,64.105362,49.193314,54.439983,13.434785,28.145847
5/26/17,72.960175,64.181534,49.193314,54.41103,13.471618,28.145847
5/30/17,72.854416,64.162476,49.349918,54.642647,13.545283,28.145847
5/31/17,73.142838,64.286255,49.598644,54.55579,13.600533,27.464237
6/1/17,73.950401,64.68615,49.948715,54.69091,13.76628,27.464237
6/2/17,74.431107,64.943214,50.003986,55.192745,13.628159,27.464237
6/5/17,74.219604,64.714706,49.847378,55.240997,13.490034,28.027699
6/6/17,74.036934,64.276749,49.736835,55.134834,13.646573,28.027699
6/7/17,74.238823,64.200577,49.902649,55.308552,13.738656,28.073139
6/8/17,74.027328,64.410034,49.488098,55.43401,13.904405,28.073139
6/9/17,74.527252,64.657585,49.442039,54.063606,13.97807,28.073139
6/12/17,74.431107,64.895607,49.349918,53.745125,13.932029,27.37336
6/13/17,74.584938,65.162201,49.469681,54.131153,13.941237,28.300343
6/14/17,74.940636,65.095558,49.736835,53.870586,13.77549,28.682043
6/15/17,74.863739,65.485924,50.022411,53.629318,13.609741,28.682043
6/16/17,74.987289,65.700195,50.251801,53.535328,13.554492,28.682043
6/19/17,75.769096,66.101967,50.084637,54.32988,13.692615,28.963776
6/20/17,76.020065,65.394081,50.112492,53.893841,13.591325,28.345789
6/21/17,76.985283,64.954041,49.815308,54.194225,13.747865,27.564211
6/22/17,77.786385,64.820122,49.583134,54.213612,13.881383,28.030008
6/23/17,77.67057,65.05928,49.41597,54.552742,13.932949,28.030008
6/26/17,77.593353,65.078392,49.750301,54.262058,14.025031,28.522243
6/27/17,76.888756,64.590523,49.193085,53.370602,14.13461,28.522243
6/28/17,77.294136,65.174049,48.719444,54.039192,14.07936,28.649858
6/29/17,76.589523,64.61924,48.329403,53.070221,14.065548,28.649858
6/30/17,76.483353,65.154915,48.255104,53.021778,14.166839,28.28524
7/3/17,76.618484,65.556694,48.032219,52.653576,14.028714,28.28524
7/5/17,77.072128,65.748016,47.800041,53.176815,14.143817,28.28524
7/6/17,76.077965,65.174049,47.781464,52.692337,14.143817,28.28524
7/7/17,76.46405,65.681061,47.818615,53.302773,14.143817,28.28524
7/10/17,76.319275,65.872375,47.781464,53.690361,14.088569,28.28524
7/11/17,76.232407,65.814995,47.753605,53.806641,14.355607,28.28524
7/12/17,76.753616,66.178505,48.162228,54.504295,14.392439,28.28524
7/13/17,76.821175,66.130661,47.995064,54.610878,14.558187,28.28524
7/14/17,77.342392,66.417656,48.217949,55.095364,14.723935,29.488478
7/17/17,77.062485,66.379387,48.440838,55.105053,14.721173,29.488478
7/18/17,77.120399,66.226341,48.580139,55.356979,14.705519,29.160318
7/19/17,77.74778,66.293289,48.784458,55.637981,14.926516,29.160318
7/20/17,78.259354,65.920219,49.137363,55.754261,14.935723,29.743713
7/21/17,78.172478,65.795868,49.490269,55.686436,14.834435,29.743713
7/24/17,78.143524,65.652367,49.025921,55.822086,14.834435,28.914204
7/25/17,77.583702,65.566284,48.747311,55.715504,14.917308,29.78017
7/26/17,77.323097,65.652367,49.211658,55.928673,14.897971,29.78017
7/27/17,76.792221,65.279282,49.332386,55.715504,14.834435,29.78017
7/28/17,77.178307,65.432343,49.258099,55.65736,14.935723,29.78017
7/31/17,77.110748,65.346237,49.425259,55.386051,14.917308,29.78017
8/1/17,76.937004,65.154915,49.703869,55.667057,15.092263,29.916906
8/2/17,76.763268,65.441917,49.917469,55.822086,15.129097,29.461134
8/3/17,76.888756,65.767159,50.168217,55.696121,14.889683,29.30617
8/4/17,76.715019,65.891518,49.945324,55.822086,14.760769,29.30617
8/7/17,76.879105,65.891518,50.103207,56.161221,14.801284,29.30617
8/8/17,76.521965,65.690628,50.307522,56.083706,14.898891,29.30617
8/9/17,76.608841,65.709755,50.047485,56.054638,14.797601,29.30617
8/10/17,75.653267,64.877502,50.205368,54.950012,14.688024,29.689016
8/11/17,75.865623,64.915779,49.908188,55.327911,14.530562,29.689016
8/14/17,76.377174,65.594955,50.196075,56.209675,14.604228,29.689016
8/15/17,76.377174,65.451477,50.474678,56.296879,14.687102,29.689016
8/16/17,76.589523,65.633232,50.679001,56.461609,14.834435,29.689016
8/17/17,75.633972,64.494865,50.316814,55.356979,14.85285,29.506712
8/18/17,75.286491,64.23658,50.613998,55.298847,14.917308,29.506712
8/21/17,75.624321,64.341812,50.799732,55.279461,14.963348,29.251476
8/22/17,76.54126,65.078392,50.911179,56.103085,15.147514,29.251476
8/23/17,75.962143,64.466156,51.078339,55.967426,15.248803,29.251476
8/24/17,76.184151,64.265266,51.041191,55.918987,15.175138,29.251476
8/25/17,76.203438,64.571396,51.208355,55.909294,15.598717,29.251476
8/28/17,76.608841,64.533142,51.301228,56.015881,15.828921,29.251476
8/29/17,76.753616,65.001862,51.189785,56.258121,15.825238,29.142092
8/30/17,77.149361,65.26973,51.041191,56.665085,15.805902,29.041822
8/31/17,78.462051,65.489738,51.050476,57.004227,15.736838,29.041822
9/1/17,78.404137,65.547142,50.892597,56.955776,15.856544,29.679905
9/5/17,78.066307,64.88707,51.022621,56.451916,15.985462,29.679905
9/6/17,78.442726,64.954041,50.790447,56.500359,15.967044,29.679905
9/7/17,79.31144,65.087967,51.171207,56.694153,15.947707,29.679905
9/8/17,79.668549,65.307976,51.412666,56.229046,15.884171,29.679905
9/11/17,80.286285,65.872375,51.849171,57.023602,15.778276,29.679905
9/12/17,80.460037,66.188065,50.985474,57.159256,15.847336,29.679905
9/13/17,80.160812,66.092407,50.734722,57.081738,15.78288,29.679905
9/14/17,80.266983,66.408089,51.161922,56.887947,15.68159,29.853096
9/15/17,80.010269,66.68293,51.233974,57.120369,15.663173,29.853096
9/18/17,79.990891,67.057716,50.709938,57.168983,15.653965,30.336214
9/19/17,79.361198,67.124985,50.607002,57.421814,15.598717,30.336214
9/20/17,79.438705,67.615082,50.232689,57.188431,15.598717,30.372679
9/21/17,79.031815,67.816902,50.223335,56.877258,15.700006,30.77351
9/22/17,79.031815,67.989861,49.811588,56.906429,15.671459,30.77351
9/25/17,78.799309,67.989861,50.270123,56.235451,15.465197,29.702164
9/26/17,78.673363,67.989861,50.176544,56.439655,15.644757,29.498976
9/27/17,78.64431,68.06675,49.502785,57.013393,15.461514,29.498976
9/28/17,78.712128,68.028313,49.68058,57.081467,15.423759,29.498976
9/29/17,79.177132,68.230125,49.64315,57.470436,15.47993,29.498976
10/2/17,79.981209,68.700996,49.727367,57.557953,15.589507,29.498976
10/3/17,79.961838,68.998917,49.587009,57.694088,15.889696,29.498976
10/4/17,80.349335,68.979683,50.082966,57.655197,16.000193,29.369677
10/5/17,80.407471,69.143059,50.036179,58.209473,16.031502,29.369677
10/6/17,80.300896,69.133446,49.998745,58.296997,15.884171,29.369677
10/9/17,79.797134,68.941246,50.064251,58.442856,15.813268,29.221905
10/10/17,79.981209,69.046967,50.550861,58.501205,15.957837,29.221905
10/11/17,80.136208,69.008522,50.766083,58.695694,16.013084,29.480505
10/12/17,80.049011,69.373703,51.028103,58.549824,16.04071,29.849936
10/13/17,79.845581,69.248779,50.672508,58.831833,16.059126,29.849936
10/16/17,79.496819,69.325645,50.560211,59.045765,16.065571,30.16395
10/17/17,80.562477,69.143059,50.859665,59.045765,16.022293,30.16395
10/18/17,80.678719,69.171906,50.766083,59.191624,16.188042,30.16395
10/19/17,81.172783,69.364082,51.299484,59.016586,16.095959,30.127007
10/20/17,81.259979,70.113663,51.336914,59.415287,16.089512,30.127007
10/23/17,81.056534,69.671616,51.364986,59.133286,15.962439,30.127007
10/24/17,80.514015,70.065613,51.411777,59.298595,16.137396,30.034649
10/25/17,80.397774,69.373703,51.187187,58.977695,16.174229,30.034649
10/26/17,79.593697,69.469803,51.196545,59.220806,16.289331,30.136242
10/27/17,79.574333,69.498619,51.514709,60.815586,16.537952,30.136242
10/30/17,78.721809,69.018127,51.524071,60.951721,16.46521,30.136242
10/31/17,78.576492,68.739441,51.580215,61.214279,16.535191,30.136242
11/1/17,78.770241,68.700996,51.290127,61.223999,16.574785,30.136242
11/2/17,78.411812,69.095016,51.47728,61.253178,16.595043,30.136242
11/3/17,79.060867,69.027756,51.664436,61.739391,16.486387,30.136242
11/6/17,78.818687,69.066185,51.467926,61.87553,16.57939,30.136242
11/7/17,78.983383,69.171906,52.085537,61.904701,16.694492,30.551853
11/8/17,79.167442,69.056572,52.122971,62.245056,16.639242,30.551853
11/9/17,79.177132,68.191681,52.188473,61.749111,16.708305,30.551853
11/10/17,78.663696,68.287781,51.945168,61.749111,16.878656,30.551853
11/13/17,78.741173,68.057144,52.562782,61.72966,16.945877,30.551853
11/14/17,78.421486,67.874557,53.217834,61.603245,16.841825,30.191658
11/15/17,78.198685,67.490166,52.759296,61.146206,16.786575,30.043886
11/16/17,79.012436,68.12442,52.590858,62.001945,17.1061,30.043886
11/17/17,78.702438,67.749634,52.225914,61.603245,17.281977,29.960762
11/20/17,78.373055,68.057144,52.066818,61.836636,17.421942,29.960762
11/21/17,79.060867,68.547256,52.207188,62.488159,17.965227,29.960762
11/22/17,79.031815,68.624138,52.207188,62.371464,18.011267,30.247068
11/24/17,79.215874,68.624138,52.291409,62.721542,17.495607,30.247068
11/27/17,79.283699,68.739441,52.515999,62.721542,17.256193,30.247068
11/28/17,79.86496,69.786926,52.759296,62.925755,17.198183,30.247068
11/29/17,80.262138,70.401955,52.78738,61.535179,17.039801,30.247068
11/30/17,80.862793,71.603195,52.965172,62.079739,16.915491,30.247068
12/1/17,80.698097,70.719078,52.78738,61.758831,16.685286,30.247068
12/4/17,79.709953,71.314888,52.487923,60.76696,16.886023,30.247068
12/5/17,79.574333,70.709465,51.823521,60.786411,17.15122,30.247068
12/6/17,79.506508,70.815186,52.020031,61.175377,16.878656,30.247068
12/7/17,79.525879,71.468651,52.113609,61.554634,16.763556,30.247068
12/8/17,80.417152,71.776161,52.282051,61.846352,16.911806,30.247068
12/11/17,80.756218,71.632011,52.600216,62.381191,17.145697,30.441025
12/12/17,81.075912,71.708893,51.70187,62.361732,16.846428,30.441025
12/13/17,81.356865,71.987595,51.842236,62.381191,17.088604,30.441025
12/14/17,80.533409,71.497475,51.776737,62.303398,16.924696,31.013639
12/15/17,81.419464,72.001846,51.966576,63.013962,16.693661,31.013639
12/18/17,81.448654,72.513931,51.390427,63.570313,16.786076,31.013639
12/19/17,81.351379,72.533264,50.455372,63.179886,17.02891,31.216824
12/20/17,81.088791,72.774803,50.058681,63.160374,17.18523,31.401543
12/21/17,80.903976,72.832779,49.463638,63.033485,17.421183,32.032776
12/22/17,80.641365,72.852112,49.539207,62.994438,17.288458,32.032776
12/26/17,80.66082,72.929405,49.246407,62.574734,17.440845,32.032776
12/27/17,80.796989,73.103333,49.454201,62.643059,17.027927,32.032776
12/28/17,80.913704,73.24826,49.728107,62.750431,17.254049,32.032776
12/29/17,80.417656,73.112984,49.756432,62.418571,17.309105,32.032776
1/2/18,81.32222,73.547783,49.293629,63.189644,17.676798,31.825504
1/3/18,82.100319,73.943909,48.906384,63.716721,17.745617,31.825504
1/4/18,82.217033,74.485001,48.500248,64.038818,17.834099,31.825504
1/5/18,82.917336,74.997086,48.481365,64.712296,17.971741,31.825504
1/8/18,82.615822,75.306274,48.934719,64.956306,17.991402,32.089306
1/9/18,83.588463,75.789391,48.45303,64.790382,18.119209,32.089306
1/10/18,83.442558,75.779716,47.924107,64.565887,18.315836,31.787821
1/11/18,83.802429,76.745918,47.74464,64.829414,18.453476,31.929136
1/12/18,84.444366,77.460922,47.470741,65.210075,18.76808,31.929136
1/16/18,84.86261,76.765244,47.366848,64.956306,19.092516,32.258888
1/17/18,85.679626,77.190384,47.659641,65.932358,19.200661,32.258888
1/18/18,85.699074,76.774918,47.357399,66.049484,19.372709,32.258888
1/19/18,86.020042,76.997147,47.215721,66.176376,19.525095,32.258888
1/22/18,86.584175,76.997147,47.281837,66.820564,19.741385,32.258888
1/23/18,86.165939,77.035782,47.735203,67.11338,19.977337,32.258888
1/24/18,86.418823,76.968163,47.442406,66.596085,20.085484,32.258888
1/25/18,87.158035,77.045456,48.179115,66.478951,19.966524,32.258888
1/26/18,89.035225,77.934364,48.207455,67.533089,20.14447,32.258888
1/29/18,88.792061,77.412613,47.593525,66.918167,19.475937,32.258888
1/30/18,86.924599,76.803894,47.678532,66.313026,19.190828,32.258888
1/31/18,85.689354,77.035782,48.207455,66.810806,19.721722,32.258888
2/1/18,85.718521,76.90052,47.451847,66.86937,19.63324,32.258888
2/2/18,84.512451,75.354591,47.111832,64.887985,19.544758,32.258888
2/5/18,80.767815,71.934212,46.337334,62.174557,19.456276,32.258888
2/6/18,81.662628,73.24826,45.64785,63.960724,19.721722,32.258888
2/7/18,81.565376,73.383507,45.430614,63.140846,18.630442,32.258888
2/8/18,78.734993,70.552536,44.920582,60.525024,17.696461,32.258888
2/9/18,79.853516,71.315826,45.865086,62.008625,17.214724,32.258888
2/12/18,80.602455,72.465622,46.21455,63.121326,17.725956,32.258888
2/13/18,80.66082,72.62986,46.422344,63.277496,17.971741,32.258888
2/14/18,81.575089,73.547783,45.902866,64.439003,18.315836,31.04353
2/15/18,82.479652,74.65892,46.922932,65.668823,18.728754,31.04353
2/16/18,83.07296,74.67823,47.338505,65.57122,18.728754,31.04353
2/20/18,82.158676,73.924599,46.724586,65.629776,18.31682,31.04353
2/21/18,81.818253,73.943909,46.110657,65.210075,18.374826,31.04353
2/22/18,81.691818,74.436699,46.346779,65.28817,18.562605,31.627655
2/23/18,82.99514,75.055054,47.55574,66.654633,18.650103,31.627655
2/26/18,84.045601,76.088905,47.41407,67.699013,19.013865,31.627655
2/27/18,83.170227,75.132355,46.658466,67.015778,18.148703,31.627655
2/28/18,81.837715,74.05986,46.337334,66.537506,17.893089,30.949312
3/1/18,80.53437,72.61055,46.346779,65.434578,17.76528,30.949312
3/2/18,81.351379,72.591225,46.223991,66.05925,17.932413,30.949312
3/5/18,82.090599,73.460815,47.168491,66.732719,18.020895,30.949312
3/6/18,81.973869,73.789337,46.535679,66.879135,18.247017,30.949312
3/7/18,82.392105,73.779663,46.186218,67.250038,18.207693,30.930477
3/8/18,82.946518,74.166153,46.526237,67.542831,18.271595,30.930477
3/9/18,84.14286,75.799034,46.658466,68.82148,18.571451,30.930477
3/12/18,83.782982,74.861816,46.856808,69.036224,18.384657,31.231955
3/13/18,83.889969,74.494659,46.960712,68.245598,18.184097,31.231955
3/14/18,83.481468,73.683044,47.442406,68.187042,18.129042,31.109476
3/15/18,83.345299,73.895607,47.41407,68.226082,18.306005,31.109476
3/16/18,83.345291,74.290443,47.830025,68.155602,18.129042,31.109476
3/19/18,81.998337,73.718071,47.534946,66.804428,18.109379,31.109476
3/20/18,82.115448,73.970299,47.316029,66.775047,18.286343,31.109476
3/21/18,81.764084,74.057617,47.154217,66.373611,18.158535,30.798571
3/22/18,79.411804,71.612953,47.363621,64.660172,17.54899,31.249777
3/23/18,77.76226,70.565247,46.69733,62.936947,17.204893,31.249777
3/26/18,79.372749,72.272629,47.182766,65.325974,17.499832,31.249777
3/27/18,78.435745,71.273438,47.858578,63.230686,17.145905,30.284273
3/28/18,78.855446,71.030907,47.839542,62.809673,16.780178,30.284273
3/29/18,79.450844,72.068901,48.096539,64.053131,17.480171,30.284273
4/2/18,77.645134,70.584656,47.725323,62.525726,16.82147,29.653351
4/3/18,78.826172,71.564445,47.887138,63.142559,17.116409,29.653351
4/4/18,79.948631,71.874893,47.991837,64.023758,17.229471,29.653351
4/5/18,79.890053,72.602463,48.372574,64.288124,17.313038,29.653351
4/6/18,77.967239,70.594345,47.991837,62.711758,16.970905,29.653351
4/9/18,78.738312,70.380936,48.087021,63.201317,17.018097,30.207798
4/10/18,80.06575,71.457756,47.715805,64.758087,17.5077,30.207798
4/11/18,79.411804,70.933891,47.649174,64.376236,17.617809,30.207798
4/12/18,79.948631,71.952492,47.020962,65.149734,17.485086,30.207798
4/13/18,79.909584,71.777885,47.392174,64.934334,17.106579,30.207798
4/16/18,80.544014,72.49575,48.039433,65.43367,16.831301,30.207798
4/17/18,81.168694,73.106918,48.524868,66.647758,16.860794,30.207798
4/18/18,81.237022,73.863602,48.344017,66.471519,16.760515,30.207798
4/19/18,80.55378,73.659874,48.315464,65.73719,16.791975,30.207798
4/20/18,80.124306,73.339745,47.877617,64.82663,16.595346,30.207798
4/23/18,80.436653,73.252441,47.906174,64.591644,16.713324,30.207798
4/24/18,79.83149,71.205505,48.229801,63.465668,17.116409,30.207798
4/25/18,80.192642,71.409233,48.239319,63.47546,16.949276,30.207798
4/26/18,81.207726,71.147301,48.724754,64.630806,16.880457,31.001232
4/27/18,81.539597,71.001801,49.219715,64.513313,16.554056,31.001232
4/30/18,80.290253,70.060806,49.076931,64.092293,16.644505,31.001232
5/1/18,80.251213,69.740662,48.924641,64.895157,16.644505,31.001232
5/2/18,79.148254,69.129501,48.877048,64.82663,16.428213,31.001232
5/3/18,78.435745,69.294418,48.810417,64.973495,16.457708,31.001232
5/4/18,79.060417,70.099602,49.029343,66.207169,16.487204,31.001232
5/7/18,78.943283,70.565247,48.77235,66.667343,16.628775,31.001232
5/8/18,78.347885,71.06971,47.553986,66.814217,16.959108,31.001232
5/9/18,78.796883,71.83609,47.220844,67.636665,16.959108,31.001232
5/10/18,79.851021,72.321136,47.887138,68.517853,17.224556,31.001232
5/11/18,81.041809,72.476357,47.953766,68.419937,17.106579,31.85202
5/14/18,81.578644,72.350235,47.772911,68.410156,17.332699,31.85202
5/15/18,80.524498,72.107712,47.373138,67.763939,17.04759,31.85202
5/16/18,80.97348,72.369637,47.001923,68.067467,17.082001,31.727747
5/17/18,81.002762,72.650963,46.621185,67.714989,16.850964,31.727747
5/18/18,81.207726,73.07782,46.630703,67.431053,16.998434,31.727747
5/21/18,81.28582,74.183739,46.868664,68.018524,17.106579,31.727747
5/22/18,81.129654,73.271828,47.039993,67.920609,17.008265,31.727747
5/23/18,81.393181,73.203926,47.468323,68.419937,16.634674,31.374052
5/24/18,81.071083,73.562866,47.858578,68.341621,16.467541,31.546122
5/25/18,80.953972,73.427048,48.067986,68.292664,16.472454,31.249777
5/29/18,80.124306,72.253227,48.067986,67.920609,16.267963,31.249777
5/30/18,81.324852,73.271828,48.458237,68.419937,16.32007,31.249777
5/31/18,80.436653,72.214417,48.534389,68.439529,16.560938,31.488764
6/1/18,81.363899,73.009911,47.79195,69.60466,16.54619,31.488764
6/4/18,81.666481,72.903198,47.411217,70.16275,16.858829,31.488764
6/5/18,81.500549,72.990509,47.163734,70.407532,16.880457,31.488764
6/6/18,82.418053,73.601677,46.040562,70.867706,16.929613,31.488764
6/7/18,82.525421,73.912109,46.364189,70.299835,16.841131,31.488764
6/8/18,83.003677,74.154625,46.34515,70.182335,16.673016,31.488764
6/11/18,83.159851,74.30014,46.249966,70.260666,16.723156,31.488764
6/12/18,83.111046,74.222542,46.783005,70.603355,16.82147,31.85202
6/13/18,83.130554,73.630783,46.659256,70.241081,16.693661,31.85202
6/14/18,83.560028,73.349442,47.239883,70.740417,16.659252,31.861582
6/15/18,83.722656,73.166328,47.576004,70.470215,16.623859,31.861582
6/18/18,82.919319,72.864388,47.729664,70.548836,16.379057,31.96673
6/19/18,83.13485,71.325493,48.200237,70.18528,15.998585,31.374052
6/20/18,83.311195,71.374184,48.238655,70.332664,16.093948,31.374052
6/21/18,82.831161,70.478119,48.401909,69.792244,15.863894,31.418083
6/22/18,83.203423,70.721603,48.738037,69.566261,15.93468,31.418083
6/25/18,82.439285,69.825539,49.544731,68.121872,15.537493,31.150047
6/26/18,82.184563,70.088516,49.602356,68.396996,15.31727,31.150047
6/27/18,81.488998,69.523598,49.842445,67.463547,14.712641,31.150047
6/28/18,81.596771,69.620995,49.823238,68.28891,14.74705,31.035168
6/29/18,81.763313,69.767097,49.900066,68.259422,15.002666,31.035168
7/2/18,82.018021,69.922928,50.255394,68.868614,14.255483,31.035168
7/3/18,82.213951,69.698914,50.399452,68.053101,14.284976,31.035168
7/5/18,83.066269,70.039818,50.66835,69.016006,14.216157,30.968159
7/6/18,84.261475,70.283318,51.062096,69.821724,14.4993,30.968159
7/9/18,84.878662,71.588463,49.487114,70.352318,15.071486,30.968159
7/10/18,85.201958,71.812469,49.957687,70.519341,14.855195,30.968159
7/11/18,84.525978,70.633942,50.409061,70.244217,14.506183,30.968159
7/12/18,85.466469,71.461845,50.447464,71.354538,14.895504,30.968159
7/13/18,85.623207,71.831963,50.457073,71.275925,14.895504,30.968159
7/16/18,85.103989,71.539764,50.409061,71.108887,14.766714,30.968159
7/17/18,85.574226,71.82222,50.37064,71.639496,14.706741,30.968159
7/18/18,85.642799,72.61116,50.111347,71.521576,14.520929,30.968159
7/19/18,85.162766,72.58194,50.572315,71.266106,14.363627,31.178766
7/20/18,84.996223,72.504021,50.216988,71.285767,14.816854,31.178766
7/23/18,85.172562,72.055992,49.861645,71.649307,14.894521,31.178766
7/24/18,85.946503,72.357925,50.034512,72.042343,15.327102,31.178766
7/25/18,87.043732,73.458519,50.17857,72.946304,15.269096,31.714842
7/26/18,86.798805,74.023445,50.716373,71.826172,14.943678,31.714842
7/27/18,86.171837,74.033188,50.553108,70.597954,14.914184,31.714842
7/30/18,86.22081,73.302696,50.245792,69.497475,14.963341,31.714842
7/31/18,87.122108,74.91951,50.697163,69.684158,15.070503,31.714842
8/1/18,87.141693,73.906563,50.37064,70.313011,14.511098,31.714842
8/2/18,87.464989,73.809158,50.620335,71.197327,14.225988,31.714842
8/3/18,87.984222,73.877342,51.186943,71.452789,14.184697,31.714842
8/6/18,88.140961,73.984474,51.225357,71.836006,14.034276,31.714842
8/7/18,88.150764,74.510445,51.148525,72.111107,14.56517,31.714842
8/8/18,88.287918,74.179291,50.879627,72.307625,14.294807,31.714842
8/9/18,88.189949,73.770203,51.110115,72.33712,14.688062,31.714842
8/10/18,87.807877,73.11763,50.889233,71.757393,14.470789,31.714842
8/13/18,87.837273,72.766991,50.956455,71.659142,14.305622,31.714842
8/14/18,88.248726,73.273476,51.062096,72.101295,14.24565,30.977736
8/15/18,88.101776,72.922829,51.532669,71.452789,13.6656,30.977736
8/16/18,88.96389,73.848122,52.089684,71.767212,13.999866,30.977736
8/17/18,89.238197,74.296165,52.358574,71.875305,14.113911,30.977736
8/20/18,89.532104,74.7929,52.176109,71.767212,14.070653,30.977736
8/21/18,89.532104,75.348083,51.801571,71.885132,14.491435,31.360641
8/22/18,89.620285,74.617584,51.417423,72.101295,14.363627,31.360641
8/23/18,89.590881,74.403305,51.379017,72.258499,14.176831,31.360641
8/24/18,90.021927,74.724716,51.599895,72.985619,14.619243,31.360641
8/27/18,90.345215,75.669502,51.282978,73.65377,14.904352,31.360641
8/28/18,90.394211,75.513657,51.177338,73.781487,14.786376,31.360641
8/29/18,90.98201,75.57209,51.55188,74.449646,14.796207,31.714842
8/30/18,90.913429,75.046135,51.571087,74.223656,14.403936,31.714842
8/31/18,90.893837,75.094833,51.350201,74.282616,14.452109,31.714842
9/4/18,90.168892,75.0364,51.580688,73.997665,14.481604,31.714842
9/5/18,90.531364,75.57209,52.300953,73.074043,14.24565,31.714842
9/6/18,90.531364,75.805847,52.598667,72.543457,14.147338,31.714842
9/7/18,90.668526,75.57209,51.955227,72.297813,13.989053,30.183186
9/10/18,90.433388,75.961685,52.21452,72.523796,14.029362,30.183186
9/11/18,90.355026,75.942207,52.080074,73.142815,13.756048,30.183186
9/12/18,90.805672,76.175964,52.032055,72.838226,14.149303,30.183186
9/13/18,91.932281,76.633743,52.425797,73.693069,14.255483,31.159618
9/14/18,91.628593,77.013603,52.147293,73.634109,14.009698,31.517887
9/17/18,91.295502,77.042816,52.320156,72.710487,14.029362,31.517887
9/18/18,91.824532,77.744095,52.224121,73.17231,14.382307,31.149933
9/19/18,91.697166,77.675919,51.090904,72.985619,14.609411,31.149933
9/20/18,92.588669,77.792801,51.196548,73.850281,14.678231,31.149933
9/21/18,92.713577,78.295853,51.414566,73.558449,15.032161,31.149933
9/24/18,92.900429,76.955025,50.959137,73.923233,14.865027,31.217716
9/25/18,92.615219,76.720154,50.261467,73.834503,14.825702,31.217716
9/26/18,92.821762,76.671211,49.767288,73.558449,15.091149,31.217716
9/27/18,93.293831,76.778862,50.280849,73.992256,14.943678,31.217716
9/28/18,93.579056,76.729927,51.017284,74.268311,15.095081,31.217716
10/1/18,94.041283,77.405228,50.842865,74.62323,15.073452,31.091839
10/2/18,93.933098,77.58139,51.530846,74.633087,14.805056,31.091839
10/3/18,93.756073,77.904373,50.910694,74.859848,14.845365,31.091839
10/4/18,92.841423,77.649902,51.182011,73.509155,14.402952,31.091839
10/5/18,92.733246,77.248642,51.966892,72.582405,14.51798,30.336569
10/8/18,92.693893,77.444382,52.402939,71.764107,14.216157,30.336569
10/9/18,92.851265,76.250374,52.616112,72.020447,14.324302,30.336569
10/10/18,90.658081,73.793839,52.325417,68.530327,14.029362,29.503841
10/11/18,88.20919,71.846237,51.366116,67.662735,13.994951,29.10684
10/12/18,89.566406,72.32579,51.307976,69.831726,14.127674,29.10684
10/15/18,88.946808,72.462814,51.550224,68.688072,14.019529,29.358597
10/16/18,91.385872,73.68618,52.083168,70.758469,14.167,29.358597
10/17/18,91.867775,73.147888,51.986271,70.433128,13.931047,29.358597
10/18/18,90.825272,71.885368,52.063789,69.052856,13.586949,29.358597
10/19/18,89.999138,71.621132,52.877739,69.023285,14.088349,29.358597
10/22/18,89.26152,71.37645,52.538593,69.5951,14.638906,29.358597
10/23/18,88.779602,70.202011,52.247898,69.328903,14.333151,29.358597
10/24/18,85.848816,67.823776,53.517273,66.223305,14.13259,29.358597
10/25/18,86.960152,68.303345,52.683941,68.500755,14.452109,29.358597
10/26/18,85.976662,67.628044,51.714954,67.130341,14.30464,29.358597
10/29/18,86.193031,66.502533,52.441692,65.996552,13.586949,27.799646
10/30/18,87.117516,67.872711,52.645184,66.735977,13.744251,28.477451
10/31/18,87.235535,68.391418,52.025028,68.323296,14.063771,28.477451
11/1/18,88.337044,69.595222,51.792473,69.121872,14.629074,28.477451
11/2/18,87.786293,69.477776,51.501778,67.771172,14.629074,28.477451
11/5/18,88.563248,69.839897,52.228519,67.702171,14.481604,28.477451
11/6/18,89.015656,70.573921,52.577351,68.126106,14.373459,28.477451
11/7/18,91.631729,71.718994,53.178127,70.127495,14.461941,28.477451
11/8/18,91.680916,71.601563,53.090919,70.068336,14.186663,28.477451
11/9/18,91.415359,70.877312,53.168438,68.855667,13.811105,28.477451
11/12/18,90.17617,69.477776,53.13937,66.430344,13.754083,28.477451
11/13/18,89.546738,69.790962,53.362236,66.509224,14.176831,28.477451
11/14/18,88.828789,69.556084,52.80991,65.710632,13.901553,28.477451
11/15/18,89.615578,70.476051,52.373863,67.357094,14.265314,28.477451
11/16/18,90.520401,70.456467,53.178127,67.248657,14.343965,28.477451
11/19/18,89.369713,69.340759,53.410683,64.685295,14.24565,28.477451
11/20/18,88.533745,67.902069,53.187817,63.295162,13.862228,27.838379
11/21/18,88.032166,68.381645,52.402939,63.758537,14.137506,27.838379
11/23/18,88.160019,68.244621,52.432007,63.176861,13.842565,27.838379
11/26/18,89.015656,68.743759,52.742085,64.606422,13.861244,27.838379
11/27/18,89.940132,68.626312,53.13937,64.734596,13.6656,27.838379
11/28/18,92.103813,70.270523,53.100605,67.002174,14.068686,27.838379
11/29/18,92.408684,70.309669,53.081226,66.351479,13.901553,27.838379
11/30/18,94.287163,70.994759,53.866108,66.98246,13.950709,27.838379
12/3/18,93.834747,71.816864,54.408745,68.461319,14.471773,27.838379
12/4/18,91.739914,68.763329,54.447502,65.868385,14.265314,27.838379
12/6/18,91.395699,68.381645,54.505642,66.016273,14.058855,27.615673
12/7/18,89.064819,66.580826,54.709129,63.689533,13.817986,27.722181
12/10/18,89.40905,66.747215,54.815723,64.566978,13.812087,27.528526
12/11/18,89.684433,66.355736,55.038586,64.645851,13.921216,27.528526
12/12/18,90.451553,66.727638,54.689751,65.148674,13.990035,27.528526
12/13/18,90.540062,66.541687,55.164555,65.257118,14.167,27.528526
12/14/18,87.491241,65.621704,55.057968,63.659946,13.973,27.528526
12/17/18,85.750465,64.545143,53.284718,62.309261,13.82,27.528526
12/18/18,85.003014,64.868111,52.926189,62.802212,13.868,27.636427
12/19/18,83.89167,63.644737,52.838982,61.559971,13.48,27.00457
12/20/18,82.711479,62.480091,52.80991,60.455761,13.396,27.00457
12/21/18,81.684013,61.300362,52.584175,58.618961,13.1,25.915834
12/24/18,79.727859,59.419502,50.385433,57.05447,13.05,25.915834
12/26/18,83.20546,62.186634,51.069481,60.500313,13.25,25.915834
12/27/18,84.12426,62.964581,51.499462,60.935997,13.06,26.79071
12/28/18,84.223053,62.797176,51.626503,60.797371,13.12,26.79071
12/31/18,85.467873,63.427414,51.714447,61.371677,13.11,26.79071